feature,mean_abs_shap
age,738.4575885596236
income,537.9413601667364
race_Black,181.6189131197346
race_Asian,84.56369216056498
race_White,75.8460628212194
race_Hispanic,45.032236596382
