feature,mean_abs_shap
age,1557.9989214743039
income,1481.5010028453544
race_Black,356.5929400179573
race_White,177.26435111147788
race_Hispanic,156.47677547257538
race_Asian,152.28621637829895
